[
  {
    "email": "test@example.com",
    "password": "$2b$10$JjXXJtOsbsQvXjXwSpJ.ZOa0sBMOu4HqiQAKBrmQZMDIpCR1fb5DW"
  },
  {
    "email": "duma@example.com",
    "password": "$2b$10$zxCY.A0htHKRm8KAZRiS3.12uQ/6VKQtjYISPW7q2niw9jA0lbr4C"
  },
  {
    "email": "dumamihnea@gmail.co",
    "password": "$2b$10$sR3G529.teSJ1GI11dh7Ru2xC94Ukkl8MRSidGSbD1cOkkE/w8eje"
  },
  {
    "email": "bober@gmail.com",
    "password": "$2b$10$ZRMJplMswYyEVJCEZ4RD3uCKNGt9/5lI05ehtkfGlR0DB8hHG7UQu"
  },
  {
    "email": "dumamihnea@gnail.com",
    "password": "$2b$10$L7IgCgsosWZ985omlChV0.yqQ5sM831V4plDWvcogyRsVj9/KdS.u"
  }
]